variable,NoSubjects,PE_mean
cl_t0,40,11.93255949142816
decay_const,40,20.177795811967158
tvcl,40,4.656053197476676
tvq,40,11.30410175906507
tvvc,40,9.95890056091393
tvvp,40,12.105622849718857
