Parameter,No_Subject,Perc_Success,n_RSE_below_20,n_of_sims,Failed_Sims
tvcl,20,73.4,367,500,46
tvcl,30,79.0,395,500,46
tvcl,40,85.39999999999999,427,500,38
tvcl,50,87.2,436,500,41
tvvc,20,55.60000000000001,278,500,46
tvvc,30,70.39999999999999,352,500,46
tvvc,40,82.8,414,500,38
tvvc,50,88.8,444,500,41
