Parameter,No_Subject,Perc_Success,n_RSE_below_20,n_of_sims,Failed_Sims
tvcl,25,71.5,715,1000,125
tvcl,30,76.7,767,1000,108
tvcl,35,76.4,764,1000,120
tvcl,40,78.3,783,1000,119
tvcl,45,79.80000000000001,798,1000,108
tvcl,50,83.6,836,1000,103
tvvc,25,54.800000000000004,548,1000,125
tvvc,30,65.3,653,1000,108
tvvc,35,69.6,696,1000,120
tvvc,40,75.1,751,1000,119
tvvc,45,79.0,790,1000,108
tvvc,50,80.30000000000001,803,1000,103
