Parameter,No_Subject,Perc_Success,n_RSE_below_20,n_of_sims,Failed_Sims
tvcl,20,63.0,315,500,48
tvcl,30,70.0,350,500,49
tvcl,40,78.60000000000001,393,500,30
tvcl,50,78.60000000000001,393,500,40
tvvc,20,61.199999999999996,306,500,48
tvvc,30,76.6,383,500,49
tvvc,40,85.0,425,500,30
tvvc,50,88.2,441,500,40
