Parameter,No_Subject,Perc_Success,n_RSE_below_20,n_of_sims,Failed_Sims
tvcl,20,50.8,254,500,81
tvcl,30,57.599999999999994,288,500,64
tvcl,40,61.199999999999996,306,500,51
tvcl,50,68.4,342,500,56
tvvc,20,53.400000000000006,267,500,81
tvvc,30,68.2,341,500,64
tvvc,40,78.0,390,500,51
tvvc,50,81.8,409,500,56
