Parameter,No_Subject,Perc_Success,n_RSE_below_20,n_of_sims,Failed_Sims
tvcl,20,79.2,396,500,61
tvcl,25,82.8,414,500,55
tvcl,30,90.0,450,500,32
tvcl,35,89.2,446,500,45
tvcl,40,89.8,449,500,41
tvcl,45,90.8,454,500,34
tvcl,50,89.0,445,500,48
tvvc,20,49.2,246,500,61
tvvc,25,59.199999999999996,296,500,55
tvvc,30,72.8,364,500,32
tvvc,35,76.6,383,500,45
tvvc,40,81.8,409,500,41
tvvc,45,87.0,435,500,34
tvvc,50,83.39999999999999,417,500,48
