Parameter,No_Subject,Perc_Success,n_RSE_below_20,n_of_sims,Failed_Sims
tvcl,20,77.4,387,500,55
tvcl,25,85.39999999999999,427,500,50
tvcl,30,85.39999999999999,427,500,49
tvcl,35,89.2,446,500,37
tvcl,40,89.8,449,500,41
tvcl,45,89.2,446,500,48
tvcl,50,89.4,447,500,46
tvvc,20,55.60000000000001,278,500,55
tvvc,25,61.199999999999996,306,500,50
tvvc,30,67.0,335,500,49
tvvc,35,77.0,385,500,37
tvvc,40,81.39999999999999,407,500,41
tvvc,45,82.8,414,500,48
tvvc,50,86.2,431,500,46
